{"levels":[{"eachLevelData":[{"x_percent":-0.8267362713813782,"z_percent":-0.8691867589950562},{"x_percent":0.8192501664161682,"z_percent":-0.14125791192054749}]}]}